Area,Postcode
LL58,
LL58,LL58 8AA
LL58,LL58 8AB
LL58,LL58 8AD
LL58,LL58 8AE
LL58,LL58 8AF
LL58,LL58 8AJ
LL58,LL58 8AL
LL58,LL58 8AP
LL58,LL58 8AQ
LL58,LL58 8AT
LL58,LL58 8AU
LL58,LL58 8AW
LL58,LL58 8AY
LL58,LL58 8BA
LL58,LL58 8BB
LL58,LL58 8BD
LL58,LL58 8BE
LL58,LL58 8BG
LL58,LL58 8BH
LL58,LL58 8BL
LL58,LL58 8BN
LL58,LL58 8BP
LL58,LL58 8BS
LL58,LL58 8BT
LL58,LL58 8BU
LL58,LL58 8BW
LL58,LL58 8BY
LL58,LL58 8DA
LL58,LL58 8DB
LL58,LL58 8DL
LL58,LL58 8DN
LL58,LL58 8DP
LL58,LL58 8DR
LL58,LL58 8DS
LL58,LL58 8DT
LL58,LL58 8DU
LL58,LL58 8DW
LL58,LL58 8DY
LL58,LL58 8EA
LL58,LL58 8EB
LL58,LL58 8ED
LL58,LL58 8EE
LL58,LL58 8EF
LL58,LL58 8EG
LL58,LL58 8EH
LL58,LL58 8EJ
LL58,LL58 8EL
LL58,LL58 8EN
LL58,LL58 8EP
LL58,LL58 8ER
LL58,LL58 8ES
LL58,LL58 8ET
LL58,LL58 8EU
LL58,LL58 8EW
LL58,LL58 8EY
LL58,LL58 8HA
LL58,LL58 8HB
LL58,LL58 8HD
LL58,LL58 8HE
LL58,LL58 8HF
LL58,LL58 8HG
LL58,LL58 8HH
LL58,LL58 8HL
LL58,LL58 8HN
LL58,LL58 8HP
LL58,LL58 8HR
LL58,LL58 8HU
LL58,LL58 8HW
LL58,LL58 8LB
LL58,LL58 8LD
LL58,LL58 8LE
LL58,LL58 8LF
LL58,LL58 8LG
LL58,LL58 8LH
LL58,LL58 8LL
LL58,LL58 8LN
LL58,LL58 8LP
LL58,LL58 8LR
LL58,LL58 8LS
LL58,LL58 8LT
LL58,LL58 8LU
LL58,LL58 8LW
LL58,LL58 8LY
LL58,LL58 8NA
LL58,LL58 8NB
LL58,LL58 8ND
LL58,LL58 8NE
LL58,LL58 8NF
LL58,LL58 8NG
LL58,LL58 8NH
LL58,LL58 8NL
LL58,LL58 8NN
LL58,LL58 8NP
LL58,LL58 8NR
LL58,LL58 8NS
LL58,LL58 8NT
LL58,LL58 8NU
LL58,LL58 8NW
LL58,LL58 8NY
LL58,LL58 8PA
LL58,LL58 8PB
LL58,LL58 8PD
LL58,LL58 8PE
LL58,LL58 8PF
LL58,LL58 8PG
LL58,LL58 8PH
LL58,LL58 8PL
LL58,LL58 8PN
LL58,LL58 8PP
LL58,LL58 8PR
LL58,LL58 8PS
LL58,LL58 8PT
LL58,LL58 8PW
LL58,LL58 8RA
LL58,LL58 8RB
LL58,LL58 8RD
LL58,LL58 8RE
LL58,LL58 8RF
LL58,LL58 8RG
LL58,LL58 8RH
LL58,LL58 8RL
LL58,LL58 8RN
LL58,LL58 8RP
LL58,LL58 8RR
LL58,LL58 8RS
LL58,LL58 8RT
LL58,LL58 8RU
LL58,LL58 8RW
LL58,LL58 8RY
LL58,LL58 8SA
LL58,LL58 8SB
LL58,LL58 8SD
LL58,LL58 8SE
LL58,LL58 8SF
LL58,LL58 8SG
LL58,LL58 8SH
LL58,LL58 8SL
LL58,LL58 8SN
LL58,LL58 8SP
LL58,LL58 8SR
LL58,LL58 8SS
LL58,LL58 8ST
LL58,LL58 8SU
LL58,LL58 8SW
LL58,LL58 8SY
LL58,LL58 8TA
LL58,LL58 8TB
LL58,LL58 8TH
LL58,LL58 8TL
LL58,LL58 8TN
LL58,LL58 8TP
LL58,LL58 8TR
LL58,LL58 8TS
LL58,LL58 8TT
LL58,LL58 8TU
LL58,LL58 8TW
LL58,LL58 8TX
LL58,LL58 8TY
LL58,LL58 8UA
LL58,LL58 8UB
LL58,LL58 8UD
LL58,LL58 8UE
LL58,LL58 8UF
LL58,LL58 8UG
LL58,LL58 8UH
LL58,LL58 8UL
LL58,LL58 8UN
LL58,LL58 8UP
LL58,LL58 8UR
LL58,LL58 8UT
LL58,LL58 8UU
LL58,LL58 8UW
LL58,LL58 8UY
LL58,LL58 8YA
LL58,LL58 8YB
LL58,LL58 8YD
LL58,LL58 8YE
LL58,LL58 8YF
LL58,LL58 8YG
LL58,LL58 8YH
LL58,LL58 8YL
LL58,LL58 8YN
LL58,LL58 8YP
LL58,LL58 8YQ
LL58,LL58 8YR
LL58,LL58 8YS
LL58,LL58 8YT
LL58,LL58 8YU
LL58,LL58 8YW
LL58,LL58 8YX
LL58,LL58 8YZ
LL58,LL58 8ZA
LL58,LL58 8ZD
LL58,LL58 8ZJ
LL59,
LL59,LL59 5AA
LL59,LL59 5AB
LL59,LL59 5AD
LL59,LL59 5AE
LL59,LL59 5AF
LL59,LL59 5AG
LL59,LL59 5AH
LL59,LL59 5AJ
LL59,LL59 5AL
LL59,LL59 5AN
LL59,LL59 5AS
LL59,LL59 5AT
LL59,LL59 5AU
LL59,LL59 5AW
LL59,LL59 5AX
LL59,LL59 5AY
LL59,LL59 5BA
LL59,LL59 5BB
LL59,LL59 5BD
LL59,LL59 5BE
LL59,LL59 5BF
LL59,LL59 5BG
LL59,LL59 5BH
LL59,LL59 5BL
LL59,LL59 5BN
LL59,LL59 5BP
LL59,LL59 5BS
LL59,LL59 5BT
LL59,LL59 5BU
LL59,LL59 5BW
LL59,LL59 5BY
LL59,LL59 5DA
LL59,LL59 5DB
LL59,LL59 5DD
LL59,LL59 5DE
LL59,LL59 5DF
LL59,LL59 5DG
LL59,LL59 5DH
LL59,LL59 5DL
LL59,LL59 5DN
LL59,LL59 5DR
LL59,LL59 5DS
LL59,LL59 5DT
LL59,LL59 5DU
LL59,LL59 5DW
LL59,LL59 5DX
LL59,LL59 5DY
LL59,LL59 5EA
LL59,LL59 5EB
LL59,LL59 5ED
LL59,LL59 5EE
LL59,LL59 5EF
LL59,LL59 5EG
LL59,LL59 5EJ
LL59,LL59 5EL
LL59,LL59 5EN
LL59,LL59 5EP
LL59,LL59 5ER
LL59,LL59 5ES
LL59,LL59 5EU
LL59,LL59 5EW
LL59,LL59 5EY
LL59,LL59 5HA
LL59,LL59 5HB
LL59,LL59 5HD
LL59,LL59 5HE
LL59,LL59 5HF
LL59,LL59 5HG
LL59,LL59 5HH
LL59,LL59 5HL
LL59,LL59 5HN
LL59,LL59 5HP
LL59,LL59 5HS
LL59,LL59 5HT
LL59,LL59 5HU
LL59,LL59 5HW
LL59,LL59 5HY
LL59,LL59 5LA
LL59,LL59 5LB
LL59,LL59 5LD
LL59,LL59 5LE
LL59,LL59 5LF
LL59,LL59 5LG
LL59,LL59 5LH
LL59,LL59 5LJ
LL59,LL59 5LL
LL59,LL59 5LN
LL59,LL59 5LP
LL59,LL59 5LR
LL59,LL59 5LS
LL59,LL59 5LT
LL59,LL59 5LU
LL59,LL59 5LW
LL59,LL59 5LY
LL59,LL59 5NA
LL59,LL59 5NB
LL59,LL59 5ND
LL59,LL59 5NE
LL59,LL59 5NF
LL59,LL59 5NG
LL59,LL59 5NH
LL59,LL59 5NL
LL59,LL59 5NN
LL59,LL59 5NP
LL59,LL59 5NR
LL59,LL59 5NS
LL59,LL59 5NT
LL59,LL59 5NU
LL59,LL59 5NW
LL59,LL59 5NY
LL59,LL59 5PA
LL59,LL59 5PB
LL59,LL59 5PD
LL59,LL59 5PE
LL59,LL59 5PF
LL59,LL59 5PG
LL59,LL59 5PH
LL59,LL59 5PL
LL59,LL59 5PN
LL59,LL59 5PP
LL59,LL59 5PR
LL59,LL59 5PS
LL59,LL59 5PT
LL59,LL59 5PU
LL59,LL59 5PW
LL59,LL59 5PY
LL59,LL59 5QH
LL59,LL59 5QJ
LL59,LL59 5QL
LL59,LL59 5QN
LL59,LL59 5QP
LL59,LL59 5QW
LL59,LL59 5QY
LL59,LL59 5QZ
LL59,LL59 5RA
LL59,LL59 5RB
LL59,LL59 5RD
LL59,LL59 5RG
LL59,LL59 5RH
LL59,LL59 5RN
LL59,LL59 5RP
LL59,LL59 5RR
LL59,LL59 5RS
LL59,LL59 5RT
LL59,LL59 5RU
LL59,LL59 5RW
LL59,LL59 5RX
LL59,LL59 5RY
LL59,LL59 5SA
LL59,LL59 5SB
LL59,LL59 5SD
LL59,LL59 5SE
LL59,LL59 5SF
LL59,LL59 5SG
LL59,LL59 5SH
LL59,LL59 5SL
LL59,LL59 5SN
LL59,LL59 5SP
LL59,LL59 5SR
LL59,LL59 5SS
LL59,LL59 5ST
LL59,LL59 5SU
LL59,LL59 5SW
LL59,LL59 5TA
LL59,LL59 5TB
LL59,LL59 5TD
LL59,LL59 5TE
LL59,LL59 5TF
LL59,LL59 5TG
LL59,LL59 5TH
LL59,LL59 5TL
LL59,LL59 5TN
LL59,LL59 5TP
LL59,LL59 5TR
LL59,LL59 5TS
LL59,LL59 5TT
LL59,LL59 5TU
LL59,LL59 5TY
LL59,LL59 5UA
LL59,LL59 5UB
LL59,LL59 5UD
LL59,LL59 5UE
LL59,LL59 5UF
LL59,LL59 5UG
LL59,LL59 5UH
LL59,LL59 5UL
LL59,LL59 5UN
LL59,LL59 5UP
LL59,LL59 5UR
LL59,LL59 5UT
LL59,LL59 5UU
LL59,LL59 5UW
LL59,LL59 5UY
LL59,LL59 5WY
LL59,LL59 5YA
LL59,LL59 5YB
LL59,LL59 5YD
LL59,LL59 5YE
LL59,LL59 5YF
LL59,LL59 5YH
LL59,LL59 5YZ
LL59,LL59 5ZD
LL59,LL59 5ZN
LL59,LL59 5ZS
LL59,LL59 5ZU
LL60,
LL60,LL60 6AA
LL60,LL60 6AB
LL60,LL60 6AE
LL60,LL60 6AH
LL60,LL60 6AJ
LL60,LL60 6AL
LL60,LL60 6AN
LL60,LL60 6AP
LL60,LL60 6AR
LL60,LL60 6AS
LL60,LL60 6AT
LL60,LL60 6AU
LL60,LL60 6AW
LL60,LL60 6AY
LL60,LL60 6BA
LL60,LL60 6BB
LL60,LL60 6BH
LL60,LL60 6BL
LL60,LL60 6BN
LL60,LL60 6BP
LL60,LL60 6BS
LL60,LL60 6BU
LL60,LL60 6BW
LL60,LL60 6BY
LL60,LL60 6DA
LL60,LL60 6DB
LL60,LL60 6DD
LL60,LL60 6DE
LL60,LL60 6DF
LL60,LL60 6DG
LL60,LL60 6DH
LL60,LL60 6DJ
LL60,LL60 6DL
LL60,LL60 6DN
LL60,LL60 6DP
LL60,LL60 6DR
LL60,LL60 6DS
LL60,LL60 6DT
LL60,LL60 6DU
LL60,LL60 6DW
LL60,LL60 6DY
LL60,LL60 6DZ
LL60,LL60 6EA
LL60,LL60 6EB
LL60,LL60 6ED
LL60,LL60 6EF
LL60,LL60 6EG
LL60,LL60 6EH
LL60,LL60 6EL
LL60,LL60 6EN
LL60,LL60 6EP
LL60,LL60 6EQ
LL60,LL60 6ES
LL60,LL60 6ET
LL60,LL60 6EU
LL60,LL60 6EW
LL60,LL60 6EY
LL60,LL60 6HA
LL60,LL60 6HB
LL60,LL60 6HD
LL60,LL60 6HE
LL60,LL60 6HF
LL60,LL60 6HG
LL60,LL60 6HH
LL60,LL60 6HL
LL60,LL60 6HN
LL60,LL60 6HP
LL60,LL60 6HQ
LL60,LL60 6HR
LL60,LL60 6HS
LL60,LL60 6HT
LL60,LL60 6HU
LL60,LL60 6HW
LL60,LL60 6HY
LL60,LL60 6JN
LL60,LL60 6JW
LL60,LL60 6LA
LL60,LL60 6LB
LL60,LL60 6LD
LL60,LL60 6LE
LL60,LL60 6LF
LL60,LL60 6LG
LL60,LL60 6LH
LL60,LL60 6LL
LL60,LL60 6LN
LL60,LL60 6LP
LL60,LL60 6LR
LL60,LL60 6LS
LL60,LL60 6LT
LL60,LL60 6LU
LL60,LL60 6LW
LL60,LL60 6LY
LL60,LL60 6NA
LL60,LL60 6NB
LL60,LL60 6ND
LL60,LL60 6NE
LL60,LL60 6NF
LL60,LL60 6NG
LL60,LL60 6NH
LL60,LL60 6NJ
LL60,LL60 6NL
LL60,LL60 6NN
LL60,LL60 6NP
LL60,LL60 6NW
LL60,LL60 6WE
LL60,LL60 6WH
LL61,
LL61,LL61 5AJ
LL61,LL61 5AL
LL61,LL61 5AN
LL61,LL61 5AQ
LL61,LL61 5AX
LL61,LL61 5AZ
LL61,LL61 5BJ
LL61,LL61 5BQ
LL61,LL61 5BX
LL61,LL61 5BZ
LL61,LL61 5DX
LL61,LL61 5DZ
LL61,LL61 5EJ
LL61,LL61 5EX
LL61,LL61 5EZ
LL61,LL61 5HJ
LL61,LL61 5HQ
LL61,LL61 5HX
LL61,LL61 5HY
LL61,LL61 5HZ
LL61,LL61 5JA
LL61,LL61 5JB
LL61,LL61 5JD
LL61,LL61 5JE
LL61,LL61 5JF
LL61,LL61 5JG
LL61,LL61 5JH
LL61,LL61 5JJ
LL61,LL61 5JL
LL61,LL61 5JN
LL61,LL61 5JP
LL61,LL61 5JQ
LL61,LL61 5JR
LL61,LL61 5JS
LL61,LL61 5JT
LL61,LL61 5JU
LL61,LL61 5JX
LL61,LL61 5JY
LL61,LL61 5JZ
LL61,LL61 5LA
LL61,LL61 5LQ
LL61,LL61 5NJ
LL61,LL61 5NQ
LL61,LL61 5NX
LL61,LL61 5NZ
LL61,LL61 5PG
LL61,LL61 5PJ
LL61,LL61 5PQ
LL61,LL61 5PX
LL61,LL61 5PZ
LL61,LL61 5QA
LL61,LL61 5QB
LL61,LL61 5QD
LL61,LL61 5QF
LL61,LL61 5QG
LL61,LL61 5QH
LL61,LL61 5QQ
LL61,LL61 5RA
LL61,LL61 5RJ
LL61,LL61 5RQ
LL61,LL61 5RX
LL61,LL61 5RZ
LL61,LL61 5SJ
LL61,LL61 5SX
LL61,LL61 5SZ
LL61,LL61 5TJ
LL61,LL61 5TQ
LL61,LL61 5TX
LL61,LL61 5TZ
LL61,LL61 5UJ
LL61,LL61 5UQ
LL61,LL61 5UX
LL61,LL61 5UZ
LL61,LL61 5YA
LL61,LL61 5YH
LL61,LL61 5YJ
LL61,LL61 5YL
LL61,LL61 5YN
LL61,LL61 5YP
LL61,LL61 5YQ
LL61,LL61 5YR
LL61,LL61 5YS
LL61,LL61 5YT
LL61,LL61 5YU
LL61,LL61 5YW
LL61,LL61 5YX
LL61,LL61 5YY
LL61,LL61 5YZ
LL61,LL61 6AB
LL61,LL61 6AJ
LL61,LL61 6AQ
LL61,LL61 6AU
LL61,LL61 6AX
LL61,LL61 6AZ
LL61,LL61 6BD
LL61,LL61 6BJ
LL61,LL61 6BQ
LL61,LL61 6BX
LL61,LL61 6BZ
LL61,LL61 6DJ
LL61,LL61 6DQ
LL61,LL61 6DZ
LL61,LL61 6EJ
LL61,LL61 6EQ
LL61,LL61 6EZ
LL61,LL61 6HJ
LL61,LL61 6HQ
LL61,LL61 6HX
LL61,LL61 6HZ
LL61,LL61 6JA
LL61,LL61 6LJ
LL61,LL61 6LQ
LL61,LL61 6LX
LL61,LL61 6LZ
LL61,LL61 6NJ
LL61,LL61 6NQ
LL61,LL61 6NT
LL61,LL61 6NU
LL61,LL61 6NX
LL61,LL61 6NY
LL61,LL61 6NZ
LL61,LL61 6PA
LL61,LL61 6PB
LL61,LL61 6PD
LL61,LL61 6PE
LL61,LL61 6PF
LL61,LL61 6PG
LL61,LL61 6PH
LL61,LL61 6PJ
LL61,LL61 6PL
LL61,LL61 6PN
LL61,LL61 6PQ
LL61,LL61 6PS
LL61,LL61 6PT
LL61,LL61 6PU
LL61,LL61 6PX
LL61,LL61 6PY
LL61,LL61 6PZ
LL61,LL61 6QR
LL61,LL61 6RA
LL61,LL61 6RB
LL61,LL61 6RD
LL61,LL61 6RE
LL61,LL61 6RF
LL61,LL61 6RG
LL61,LL61 6RH
LL61,LL61 6RJ
LL61,LL61 6RL
LL61,LL61 6RN
LL61,LL61 6RP
LL61,LL61 6RQ
LL61,LL61 6RR
LL61,LL61 6RS
LL61,LL61 6RT
LL61,LL61 6RU
LL61,LL61 6RW
LL61,LL61 6RX
LL61,LL61 6RY
LL61,LL61 6RZ
LL61,LL61 6SA
LL61,LL61 6SB
LL61,LL61 6SD
LL61,LL61 6SE
LL61,LL61 6SF
LL61,LL61 6SG
LL61,LL61 6SH
LL61,LL61 6SJ
LL61,LL61 6SL
LL61,LL61 6SN
LL61,LL61 6SP
LL61,LL61 6SQ
LL61,LL61 6SR
LL61,LL61 6ST
LL61,LL61 6SU
LL61,LL61 6SW
LL61,LL61 6SX
LL61,LL61 6SY
LL61,LL61 6SZ
LL61,LL61 6TA
LL61,LL61 6TB
LL61,LL61 6TD
LL61,LL61 6TE
LL61,LL61 6TF
LL61,LL61 6TG
LL61,LL61 6TH
LL61,LL61 6TJ
LL61,LL61 6TL
LL61,LL61 6TN
LL61,LL61 6TP
LL61,LL61 6TQ
LL61,LL61 6TR
LL61,LL61 6TS
LL61,LL61 6TT
LL61,LL61 6TU
LL61,LL61 6TW
LL61,LL61 6TX
LL61,LL61 6TY
LL61,LL61 6TZ
LL61,LL61 6UA
LL61,LL61 6UB
LL61,LL61 6UD
LL61,LL61 6UE
LL61,LL61 6UF
LL61,LL61 6UG
LL61,LL61 6UH
LL61,LL61 6UJ
LL61,LL61 6UL
LL61,LL61 6UN
LL61,LL61 6UP
LL61,LL61 6UQ
LL61,LL61 6UR
LL61,LL61 6US
LL61,LL61 6UT
LL61,LL61 6UU
LL61,LL61 6UW
LL61,LL61 6UX
LL61,LL61 6UY
LL61,LL61 6UZ
LL61,LL61 6YA
LL61,LL61 6YB
LL61,LL61 6YD
LL61,LL61 6YE
LL61,LL61 6YF
LL61,LL61 6YG
LL61,LL61 6YH
LL61,LL61 6YL
LL61,LL61 6YN
LL61,LL61 6YP
LL61,LL61 6YR
LL61,LL61 6YS
LL61,LL61 6YT
LL61,LL61 6YU
LL61,LL61 6YW
LL61,LL61 6YY
LL61,LL61 6YZ
LL62,
LL62,LL62 5AA
LL62,LL62 5AB
LL62,LL62 5AD
LL62,LL62 5AE
LL62,LL62 5AF
LL62,LL62 5AG
LL62,LL62 5AH
LL62,LL62 5AL
LL62,LL62 5AN
LL62,LL62 5AP
LL62,LL62 5AR
LL62,LL62 5AS
LL62,LL62 5AT
LL62,LL62 5AU
LL62,LL62 5AW
LL62,LL62 5AY
LL62,LL62 5BA
LL62,LL62 5BB
LL62,LL62 5BD
LL62,LL62 5BG
LL62,LL62 5BL
LL62,LL62 5BN
LL62,LL62 5BP
LL62,LL62 5BS
LL62,LL62 5BT
LL62,LL62 5BU
LL62,LL62 5BW
LL62,LL62 5BY
LL62,LL62 5DA
LL62,LL62 5DB
LL62,LL62 5DD
LL62,LL62 5DE
LL62,LL62 5DG
LL62,LL62 5DH
LL62,LL62 5DL
LL62,LL62 5DN
LL62,LL62 5DQ
LL62,LL62 5DR
LL62,LL62 5DS
LL62,LL62 5DT
LL62,LL62 5DU
LL62,LL62 5DW
LL62,LL62 5DX
LL62,LL62 5DY
LL62,LL62 5EA
LL62,LL62 5EB
LL62,LL62 5ED
LL62,LL62 5EE
LL62,LL62 5EF
LL62,LL62 5EG
LL62,LL62 5EH
LL62,LL62 5EP
LL62,LL62 5ER
LL62,LL62 5ES
LL62,LL62 5ET
LL62,LL62 5EU
LL62,LL62 5EY
LL62,LL62 5HA
LL62,LL62 5HB
LL62,LL62 5HD
LL62,LL62 5HE
LL62,LL62 5HF
LL62,LL62 5HG
LL62,LL62 5HH
LL62,LL62 5HL
LL62,LL62 5HP
LL62,LL62 5HR
LL62,LL62 5HS
LL62,LL62 5HT
LL62,LL62 5HU
LL62,LL62 5HY
LL62,LL62 5LA
LL62,LL62 5LB
LL62,LL62 5LE
LL62,LL62 5LF
LL62,LL62 5LG
LL62,LL62 5LH
LL62,LL62 5LL
LL62,LL62 5LN
LL62,LL62 5LP
LL62,LL62 5LR
LL62,LL62 5LS
LL62,LL62 5LT
LL62,LL62 5LU
LL62,LL62 5LW
LL62,LL62 5LY
LL62,LL62 5NE
LL62,LL62 5NF
LL62,LL62 5NG
LL62,LL62 5NH
LL62,LL62 5NL
LL62,LL62 5NN
LL62,LL62 5NR
LL62,LL62 5NS
LL62,LL62 5NT
LL62,LL62 5NU
LL62,LL62 5NW
LL62,LL62 5NY
LL62,LL62 5PA
LL62,LL62 5PB
LL62,LL62 5PD
LL62,LL62 5PE
LL62,LL62 5PF
LL62,LL62 5PG
LL62,LL62 5PH
LL62,LL62 5PN
LL62,LL62 5PP
LL62,LL62 5PR
LL62,LL62 5PS
LL62,LL62 5PT
LL62,LL62 5PU
LL62,LL62 5PW
LL62,LL62 5PY
LL62,LL62 5RA
LL62,LL62 5RB
LL62,LL62 5RD
LL62,LL62 5RE
LL62,LL62 5RF
LL62,LL62 5RG
LL64,
LL64,LL64 5AB
LL64,LL64 5JA
LL64,LL64 5JB
LL64,LL64 5JD
LL64,LL64 5JE
LL64,LL64 5JF
LL64,LL64 5JG
LL64,LL64 5JH
LL64,LL64 5JJ
LL64,LL64 5JL
LL64,LL64 5JN
LL64,LL64 5JP
LL64,LL64 5JQ
LL64,LL64 5JR
LL64,LL64 5JS
LL64,LL64 5JT
LL64,LL64 5JU
LL64,LL64 5JW
LL64,LL64 5JX
LL64,LL64 5JY
LL64,LL64 5JZ
LL64,LL64 5QA
LL64,LL64 5QB
LL64,LL64 5QD
LL64,LL64 5QE
LL64,LL64 5QF
LL64,LL64 5QG
LL64,LL64 5QH
LL64,LL64 5QJ
LL64,LL64 5QL
LL64,LL64 5QN
LL64,LL64 5QP
LL64,LL64 5QQ
LL64,LL64 5QR
LL64,LL64 5QS
LL64,LL64 5QT
LL64,LL64 5QU
LL64,LL64 5QW
LL64,LL64 5QX
LL64,LL64 5QY
LL64,LL64 5QZ
LL64,LL64 5RA
LL64,LL64 5RB
LL64,LL64 5UJ
LL64,LL64 5UQ
LL64,LL64 5UR
LL64,LL64 5UX
LL64,LL64 5UZ
LL64,LL64 5XA
LL64,LL64 5XB
LL64,LL64 5XG
LL64,LL64 5YJ
LL64,LL64 5YQ
LL64,LL64 5YU
LL64,LL64 5YX
LL64,LL64 5YZ
LL65,
LL65,LL65 1AA
LL65,LL65 1AB
LL65,LL65 1AD
LL65,LL65 1AE
LL65,LL65 1AF
LL65,LL65 1AG
LL65,LL65 1AH
LL65,LL65 1AJ
LL65,LL65 1AL
LL65,LL65 1AN
LL65,LL65 1AP
LL65,LL65 1AQ
LL65,LL65 1AR
LL65,LL65 1AS
LL65,LL65 1AT
LL65,LL65 1AU
LL65,LL65 1AW
LL65,LL65 1AX
LL65,LL65 1AY
LL65,LL65 1BA
LL65,LL65 1BB
LL65,LL65 1BD
LL65,LL65 1BE
LL65,LL65 1BG
LL65,LL65 1BP
LL65,LL65 1BQ
LL65,LL65 1BS
LL65,LL65 1BU
LL65,LL65 1BW
LL65,LL65 1BY
LL65,LL65 1DB
LL65,LL65 1DD
LL65,LL65 1DE
LL65,LL65 1DG
LL65,LL65 1DH
LL65,LL65 1DJ
LL65,LL65 1DL
LL65,LL65 1DQ
LL65,LL65 1DR
LL65,LL65 1DS
LL65,LL65 1DT
LL65,LL65 1DU
LL65,LL65 1DW
LL65,LL65 1DX
LL65,LL65 1DY
LL65,LL65 1EA
LL65,LL65 1EB
LL65,LL65 1ED
LL65,LL65 1EE
LL65,LL65 1EF
LL65,LL65 1EG
LL65,LL65 1EH
LL65,LL65 1EN
LL65,LL65 1EP
LL65,LL65 1ER
LL65,LL65 1ES
LL65,LL65 1ET
LL65,LL65 1EU
LL65,LL65 1EW
LL65,LL65 1EY
LL65,LL65 1FA
LL65,LL65 1HA
LL65,LL65 1HB
LL65,LL65 1HG
LL65,LL65 1HH
LL65,LL65 1HL
LL65,LL65 1HN
LL65,LL65 1HP
LL65,LL65 1HR
LL65,LL65 1HS
LL65,LL65 1HT
LL65,LL65 1HU
LL65,LL65 1HW
LL65,LL65 1HY
LL65,LL65 1LA
LL65,LL65 1LB
LL65,LL65 1LD
LL65,LL65 1LE
LL65,LL65 1LF
LL65,LL65 1LG
LL65,LL65 1LH
LL65,LL65 1LJ
LL65,LL65 1LL
LL65,LL65 1LP
LL65,LL65 1LR
LL65,LL65 1LS
LL65,LL65 1LT
LL65,LL65 1LU
LL65,LL65 1LW
LL65,LL65 1LX
LL65,LL65 1LY
LL65,LL65 1LZ
LL65,LL65 1NA
LL65,LL65 1NB
LL65,LL65 1ND
LL65,LL65 1NE
LL65,LL65 1NF
LL65,LL65 1NG
LL65,LL65 1NH
LL65,LL65 1NJ
LL65,LL65 1NL
LL65,LL65 1NN
LL65,LL65 1NP
LL65,LL65 1NR
LL65,LL65 1NS
LL65,LL65 1NT
LL65,LL65 1NU
LL65,LL65 1NW
LL65,LL65 1PA
LL65,LL65 1PB
LL65,LL65 1PD
LL65,LL65 1PE
LL65,LL65 1PF
LL65,LL65 1PG
LL65,LL65 1PH
LL65,LL65 1PJ
LL65,LL65 1PL
LL65,LL65 1PN
LL65,LL65 1PP
LL65,LL65 1PQ
LL65,LL65 1PR
LL65,LL65 1PS
LL65,LL65 1PT
LL65,LL65 1PU
LL65,LL65 1PW
LL65,LL65 1PX
LL65,LL65 1PY
LL65,LL65 1PZ
LL65,LL65 1RA
LL65,LL65 1RB
LL65,LL65 1RD
LL65,LL65 1RE
LL65,LL65 1RF
LL65,LL65 1RJ
LL65,LL65 1RL
LL65,LL65 1RN
LL65,LL65 1RR
LL65,LL65 1RS
LL65,LL65 1RT
LL65,LL65 1RU
LL65,LL65 1RW
LL65,LL65 1SA
LL65,LL65 1SB
LL65,LL65 1SD
LL65,LL65 1SE
LL65,LL65 1SF
LL65,LL65 1SG
LL65,LL65 1SH
LL65,LL65 1SJ
LL65,LL65 1SL
LL65,LL65 1SN
LL65,LL65 1SP
LL65,LL65 1SR
LL65,LL65 1SS
LL65,LL65 1ST
LL65,LL65 1SU
LL65,LL65 1SY
LL65,LL65 1TA
LL65,LL65 1TB
LL65,LL65 1TD
LL65,LL65 1TE
LL65,LL65 1TF
LL65,LL65 1TG
LL65,LL65 1TH
LL65,LL65 1TL
LL65,LL65 1TN
LL65,LL65 1TP
LL65,LL65 1TR
LL65,LL65 1TS
LL65,LL65 1TT
LL65,LL65 1TU
LL65,LL65 1TY
LL65,LL65 1UB
LL65,LL65 1UD
LL65,LL65 1UF
LL65,LL65 1UH
LL65,LL65 1UL
LL65,LL65 1UN
LL65,LL65 1UR
LL65,LL65 1UT
LL65,LL65 1UW
LL65,LL65 1WY
LL65,LL65 1YA
LL65,LL65 1YB
LL65,LL65 1YD
LL65,LL65 1YF
LL65,LL65 1YG
LL65,LL65 1YH
LL65,LL65 1YL
LL65,LL65 1YN
LL65,LL65 1YP
LL65,LL65 1YR
LL65,LL65 1YS
LL65,LL65 1YT
LL65,LL65 1YU
LL65,LL65 1YW
LL65,LL65 2AA
LL65,LL65 2AB
LL65,LL65 2AD
LL65,LL65 2AE
LL65,LL65 2AF
LL65,LL65 2AG
LL65,LL65 2AH
LL65,LL65 2AJ
LL65,LL65 2AL
LL65,LL65 2AN
LL65,LL65 2AP
LL65,LL65 2AQ
LL65,LL65 2AR
LL65,LL65 2AS
LL65,LL65 2AT
LL65,LL65 2AU
LL65,LL65 2AW
LL65,LL65 2AX
LL65,LL65 2AY
LL65,LL65 2AZ
LL65,LL65 2BA
LL65,LL65 2BB
LL65,LL65 2BD
LL65,LL65 2BE
LL65,LL65 2BF
LL65,LL65 2BG
LL65,LL65 2BH
LL65,LL65 2BJ
LL65,LL65 2BL
LL65,LL65 2BN
LL65,LL65 2BP
LL65,LL65 2BQ
LL65,LL65 2BS
LL65,LL65 2BT
LL65,LL65 2BU
LL65,LL65 2BW
LL65,LL65 2BX
LL65,LL65 2BY
LL65,LL65 2BZ
LL65,LL65 2DA
LL65,LL65 2DB
LL65,LL65 2DD
LL65,LL65 2DE
LL65,LL65 2DF
LL65,LL65 2DG
LL65,LL65 2DH
LL65,LL65 2DJ
LL65,LL65 2DL
LL65,LL65 2DN
LL65,LL65 2DP
LL65,LL65 2DQ
LL65,LL65 2DR
LL65,LL65 2DS
LL65,LL65 2DT
LL65,LL65 2DU
LL65,LL65 2DW
LL65,LL65 2DX
LL65,LL65 2DY
LL65,LL65 2DZ
LL65,LL65 2EA
LL65,LL65 2EB
LL65,LL65 2ED
LL65,LL65 2EE
LL65,LL65 2EF
LL65,LL65 2EG
LL65,LL65 2EH
LL65,LL65 2EJ
LL65,LL65 2EL
LL65,LL65 2EN
LL65,LL65 2EP
LL65,LL65 2EQ
LL65,LL65 2ER
LL65,LL65 2ES
LL65,LL65 2ET
LL65,LL65 2EU
LL65,LL65 2EW
LL65,LL65 2EX
LL65,LL65 2EY
LL65,LL65 2EZ
LL65,LL65 2FB
LL65,LL65 2FD
LL65,LL65 2FE
LL65,LL65 2FF
LL65,LL65 2GA
LL65,LL65 2GB
LL65,LL65 2HA
LL65,LL65 2HB
LL65,LL65 2HD
LL65,LL65 2HE
LL65,LL65 2HF
LL65,LL65 2HG
LL65,LL65 2HH
LL65,LL65 2HJ
LL65,LL65 2HL
LL65,LL65 2HN
LL65,LL65 2HP
LL65,LL65 2HQ
LL65,LL65 2HR
LL65,LL65 2HS
LL65,LL65 2HU
LL65,LL65 2HW
LL65,LL65 2HX
LL65,LL65 2HY
LL65,LL65 2HZ
LL65,LL65 2JA
LL65,LL65 2JB
LL65,LL65 2JD
LL65,LL65 2JE
LL65,LL65 2JG
LL65,LL65 2LB
LL65,LL65 2LD
LL65,LL65 2LE
LL65,LL65 2LF
LL65,LL65 2LG
LL65,LL65 2LH
LL65,LL65 2LJ
LL65,LL65 2LL
LL65,LL65 2LN
LL65,LL65 2LP
LL65,LL65 2LQ
LL65,LL65 2LR
LL65,LL65 2LS
LL65,LL65 2LT
LL65,LL65 2LU
LL65,LL65 2LW
LL65,LL65 2LX
LL65,LL65 2LY
LL65,LL65 2LZ
LL65,LL65 2NA
LL65,LL65 2NB
LL65,LL65 2ND
LL65,LL65 2NE
LL65,LL65 2NF
LL65,LL65 2NG
LL65,LL65 2NH
LL65,LL65 2NJ
LL65,LL65 2NL
LL65,LL65 2NN
LL65,LL65 2NP
LL65,LL65 2NQ
LL65,LL65 2NR
LL65,LL65 2NS
LL65,LL65 2NT
LL65,LL65 2NU
LL65,LL65 2NW
LL65,LL65 2NX
LL65,LL65 2NY
LL65,LL65 2NZ
LL65,LL65 2PA
LL65,LL65 2PB
LL65,LL65 2PD
LL65,LL65 2PE
LL65,LL65 2PF
LL65,LL65 2PG
LL65,LL65 2PH
LL65,LL65 2PJ
LL65,LL65 2PL
LL65,LL65 2PN
LL65,LL65 2PP
LL65,LL65 2PQ
LL65,LL65 2PR
LL65,LL65 2PS
LL65,LL65 2PT
LL65,LL65 2PU
LL65,LL65 2PW
LL65,LL65 2PX
LL65,LL65 2PY
LL65,LL65 2PZ
LL65,LL65 2QA
LL65,LL65 2QB
LL65,LL65 2QD
LL65,LL65 2QE
LL65,LL65 2QF
LL65,LL65 2RA
LL65,LL65 2RB
LL65,LL65 2RD
LL65,LL65 2RE
LL65,LL65 2RF
LL65,LL65 2RG
LL65,LL65 2RH
LL65,LL65 2RJ
LL65,LL65 2RL
LL65,LL65 2RN
LL65,LL65 2RP
LL65,LL65 2RQ
LL65,LL65 2RR
LL65,LL65 2RS
LL65,LL65 2RT
LL65,LL65 2RU
LL65,LL65 2RW
LL65,LL65 2RX
LL65,LL65 2RY
LL65,LL65 2RZ
LL65,LL65 2SA
LL65,LL65 2SB
LL65,LL65 2SD
LL65,LL65 2SE
LL65,LL65 2SF
LL65,LL65 2SG
LL65,LL65 2SH
LL65,LL65 2SJ
LL65,LL65 2SL
LL65,LL65 2SP
LL65,LL65 2SQ
LL65,LL65 2SR
LL65,LL65 2SS
LL65,LL65 2ST
LL65,LL65 2SU
LL65,LL65 2SW
LL65,LL65 2SX
LL65,LL65 2SY
LL65,LL65 2SZ
LL65,LL65 2TA
LL65,LL65 2TB
LL65,LL65 2TD
LL65,LL65 2TE
LL65,LL65 2TF
LL65,LL65 2TG
LL65,LL65 2TH
LL65,LL65 2TJ
LL65,LL65 2TL
LL65,LL65 2TN
LL65,LL65 2TQ
LL65,LL65 2TR
LL65,LL65 2TS
LL65,LL65 2TT
LL65,LL65 2TU
LL65,LL65 2TW
LL65,LL65 2TX
LL65,LL65 2TY
LL65,LL65 2UA
LL65,LL65 2UB
LL65,LL65 2UD
LL65,LL65 2UE
LL65,LL65 2UF
LL65,LL65 2UG
LL65,LL65 2UH
LL65,LL65 2UJ
LL65,LL65 2UL
LL65,LL65 2UN
LL65,LL65 2UP
LL65,LL65 2UQ
LL65,LL65 2UR
LL65,LL65 2US
LL65,LL65 2UT
LL65,LL65 2UU
LL65,LL65 2UW
LL65,LL65 2UX
LL65,LL65 2UY
LL65,LL65 2UZ
LL65,LL65 2WA
LL65,LL65 2WB
LL65,LL65 2WD
LL65,LL65 2WG
LL65,LL65 2YD
LL65,LL65 2YE
LL65,LL65 2YF
LL65,LL65 2YG
LL65,LL65 2YH
LL65,LL65 2YJ
LL65,LL65 2YL
LL65,LL65 2YN
LL65,LL65 2YP
LL65,LL65 2YR
LL65,LL65 2YS
LL65,LL65 2YT
LL65,LL65 2YU
LL65,LL65 2YW
LL65,LL65 2YX
LL65,LL65 2YY
LL65,LL65 2ZZ
LL65,LL65 3AA
LL65,LL65 3AB
LL65,LL65 3AD
LL65,LL65 3AE
LL65,LL65 3AF
LL65,LL65 3AG
LL65,LL65 3AH
LL65,LL65 3AJ
LL65,LL65 3AL
LL65,LL65 3AN
LL65,LL65 3AP
LL65,LL65 3AQ
LL65,LL65 3AR
LL65,LL65 3AS
LL65,LL65 3AT
LL65,LL65 3AU
LL65,LL65 3AW
LL65,LL65 3AX
LL65,LL65 3AY
LL65,LL65 3AZ
LL65,LL65 3BA
LL65,LL65 3BB
LL65,LL65 3BD
LL65,LL65 3BE
LL65,LL65 3BF
LL65,LL65 3BG
LL65,LL65 3BH
LL65,LL65 3BJ
LL65,LL65 3BL
LL65,LL65 3BN
LL65,LL65 3BP
LL65,LL65 3BQ
LL65,LL65 3BS
LL65,LL65 3BT
LL65,LL65 3BU
LL65,LL65 3BW
LL65,LL65 3BX
LL65,LL65 3BY
LL65,LL65 3BZ
LL65,LL65 3DA
LL65,LL65 3DB
LL65,LL65 3DD
LL65,LL65 3DE
LL65,LL65 3DF
LL65,LL65 3DG
LL65,LL65 3DH
LL65,LL65 3DJ
LL65,LL65 3DL
LL65,LL65 3DN
LL65,LL65 3DP
LL65,LL65 3DQ
LL65,LL65 3DR
LL65,LL65 3DS
LL65,LL65 3DT
LL65,LL65 3DU
LL65,LL65 3DW
LL65,LL65 3DX
LL65,LL65 3DY
LL65,LL65 3DZ
LL65,LL65 3EA
LL65,LL65 3EB
LL65,LL65 3ED
LL65,LL65 3EE
LL65,LL65 3EF
LL65,LL65 3EG
LL65,LL65 3EL
LL65,LL65 3EN
LL65,LL65 3EP
LL65,LL65 3EQ
LL65,LL65 3ER
LL65,LL65 3ES
LL65,LL65 3ET
LL65,LL65 3EU
LL65,LL65 3EW
LL65,LL65 3EX
LL65,LL65 3EY
LL65,LL65 3EZ
LL65,LL65 3FA
LL65,LL65 3FB
LL65,LL65 3GA
LL65,LL65 3HA
LL65,LL65 3HB
LL65,LL65 3HD
LL65,LL65 3HE
LL65,LL65 3HF
LL65,LL65 3HG
LL65,LL65 3HH
LL65,LL65 3HL
LL65,LL65 3HN
LL65,LL65 3HP
LL65,LL65 3HQ
LL65,LL65 3HR
LL65,LL65 3HS
LL65,LL65 3HU
LL65,LL65 3HW
LL65,LL65 3HY
LL65,LL65 3LA
LL65,LL65 3LB
LL65,LL65 3LD
LL65,LL65 3LE
LL65,LL65 3LF
LL65,LL65 3LH
LL65,LL65 3LJ
LL65,LL65 3LL
LL65,LL65 3LN
LL65,LL65 3LP
LL65,LL65 3LQ
LL65,LL65 3LR
LL65,LL65 3LS
LL65,LL65 3LT
LL65,LL65 3LU
LL65,LL65 3LW
LL65,LL65 3LX
LL65,LL65 3LY
LL65,LL65 3LZ
LL65,LL65 3NA
LL65,LL65 3NB
LL65,LL65 3ND
LL65,LL65 3NE
LL65,LL65 3NF
LL65,LL65 3NG
LL65,LL65 3NJ
LL65,LL65 3NL
LL65,LL65 3NN
LL65,LL65 3NP
LL65,LL65 3NR
LL65,LL65 3NS
LL65,LL65 3NT
LL65,LL65 3NX
LL65,LL65 3NY
LL65,LL65 3PA
LL65,LL65 3PB
LL65,LL65 3PD
LL65,LL65 3PE
LL65,LL65 3PF
LL65,LL65 3PG
LL65,LL65 3PH
LL65,LL65 3PJ
LL65,LL65 3PL
LL65,LL65 3PN
LL65,LL65 3PP
LL65,LL65 3PQ
LL65,LL65 3PR
LL65,LL65 3PS
LL65,LL65 3PT
LL65,LL65 3PU
LL65,LL65 3PW
LL65,LL65 3PY
LL65,LL65 3PZ
LL65,LL65 3RA
LL65,LL65 3RB
LL65,LL65 3RD
LL65,LL65 3RE
LL65,LL65 3RF
LL65,LL65 3RG
LL65,LL65 3RH
LL65,LL65 3RL
LL65,LL65 3RN
LL65,LL65 3RP
LL65,LL65 3RR
LL65,LL65 3RS
LL65,LL65 3RT
LL65,LL65 3RU
LL65,LL65 3RW
LL65,LL65 3RY
LL65,LL65 3SA
LL65,LL65 3SB
LL65,LL65 3SD
LL65,LL65 3SE
LL65,LL65 3SF
LL65,LL65 3SG
LL65,LL65 3SH
LL65,LL65 3SJ
LL65,LL65 3SL
LL65,LL65 3SN
LL65,LL65 3SR
LL65,LL65 3SS
LL65,LL65 3ST
LL65,LL65 3SU
LL65,LL65 3SW
LL65,LL65 3SX
LL65,LL65 3SY
LL65,LL65 3SZ
LL65,LL65 3TA
LL65,LL65 3TB
LL65,LL65 3TD
LL65,LL65 3TE
LL65,LL65 3TF
LL65,LL65 3TG
LL65,LL65 3TH
LL65,LL65 3TL
LL65,LL65 3TN
LL65,LL65 3TP
LL65,LL65 3TR
LL65,LL65 3TS
LL65,LL65 3TT
LL65,LL65 3TU
LL65,LL65 3TW
LL65,LL65 3TX
LL65,LL65 3TY
LL65,LL65 3TZ
LL65,LL65 3UA
LL65,LL65 3UB
LL65,LL65 3UD
LL65,LL65 3UE
LL65,LL65 3UF
LL65,LL65 3UG
LL65,LL65 3UH
LL65,LL65 3UJ
LL65,LL65 3UL
LL65,LL65 3UN
LL65,LL65 3UP
LL65,LL65 3UR
LL65,LL65 3UW
LL65,LL65 3YA
LL65,LL65 3YB
LL65,LL65 3YD
LL65,LL65 3YE
LL65,LL65 3YF
LL65,LL65 3YG
LL65,LL65 3YH
LL65,LL65 3YL
LL65,LL65 3YN
LL65,LL65 3YP
LL65,LL65 3YR
LL65,LL65 3YS
LL65,LL65 3YT
LL65,LL65 3YU
LL65,LL65 3YW
LL65,LL65 3YY
LL65,LL65 3ZU
LL65,LL65 4AA
LL65,LL65 4AB
LL65,LL65 4AD
LL65,LL65 4AE
LL65,LL65 4AF
LL65,LL65 4AG
LL65,LL65 4AH
LL65,LL65 4AL
LL65,LL65 4AN
LL65,LL65 4AP
LL65,LL65 4AR
LL65,LL65 4AS
LL65,LL65 4AT
LL65,LL65 4AU
LL65,LL65 4AW
LL65,LL65 4AY
LL65,LL65 4BA
LL65,LL65 4BB
LL65,LL65 4BD
LL65,LL65 4BE
LL65,LL65 4BG
LL65,LL65 4BH
LL65,LL65 4BL
LL65,LL65 4BS
LL65,LL65 4BT
LL65,LL65 4BU
LL65,LL65 4BY
LL65,LL65 4DA
LL65,LL65 4DB
LL65,LL65 4DD
LL65,LL65 4DE
LL65,LL65 4DG
LL65,LL65 4DH
LL65,LL65 4DL
LL65,LL65 4DN
LL65,LL65 4DP
LL65,LL65 4DR
LL65,LL65 4DS
LL65,LL65 4DT
LL65,LL65 4DU
LL65,LL65 4DW
LL65,LL65 4DY
LL65,LL65 4EA
LL65,LL65 4EB
LL65,LL65 4ED
LL65,LL65 4EE
LL65,LL65 4EF
LL65,LL65 4EG
LL65,LL65 4EH
LL65,LL65 4EJ
LL65,LL65 4EL
LL65,LL65 4EN
LL65,LL65 4EP
LL65,LL65 4EQ
LL65,LL65 4ER
LL65,LL65 4ES
LL65,LL65 4ET
LL65,LL65 4EU
LL65,LL65 4EW
LL65,LL65 4EY
LL65,LL65 4HA
LL65,LL65 4HB
LL65,LL65 4HD
LL65,LL65 4HH
LL65,LL65 4HL
LL65,LL65 4HN
LL65,LL65 4HP
LL65,LL65 4HR
LL65,LL65 4HS
LL65,LL65 4HT
LL65,LL65 4HU
LL65,LL65 4HY
LL65,LL65 4LA
LL65,LL65 4LB
LL65,LL65 4LD
LL65,LL65 4LE
LL65,LL65 4LF
LL65,LL65 4LG
LL65,LL65 4LH
LL65,LL65 4LL
LL65,LL65 4LN
LL65,LL65 4LP
LL65,LL65 4LR
LL65,LL65 4LS
LL65,LL65 4LT
LL65,LL65 4LU
LL65,LL65 4LW
LL65,LL65 4LY
LL65,LL65 4NE
LL65,LL65 4NF
LL65,LL65 4NG
LL65,LL65 4NH
LL65,LL65 4NL
LL65,LL65 4NN
LL65,LL65 4NP
LL65,LL65 4NR
LL65,LL65 4NS
LL65,LL65 4NT
LL65,LL65 4NU
LL65,LL65 4NW
LL65,LL65 4NY
LL65,LL65 4PA
LL65,LL65 4PB
LL65,LL65 4PD
LL65,LL65 4PE
LL65,LL65 4PF
LL65,LL65 4PG
LL65,LL65 4PH
LL65,LL65 4PJ
LL65,LL65 4PL
LL65,LL65 4PN
LL65,LL65 4PP
LL65,LL65 4PR
LL65,LL65 4PS
LL65,LL65 4PT
LL65,LL65 4PU
LL65,LL65 4PW
LL65,LL65 4PY
LL65,LL65 4RA
LL65,LL65 4RB
LL65,LL65 4RD
LL65,LL65 4RE
LL65,LL65 4RF
LL65,LL65 4RG
LL65,LL65 4RH
LL65,LL65 4RJ
LL65,LL65 4RL
LL65,LL65 4RN
LL65,LL65 4RP
LL65,LL65 4RR
LL65,LL65 4RS
LL65,LL65 4RT
LL65,LL65 4RU
LL65,LL65 4RW
LL65,LL65 4RY
LL65,LL65 4SA
LL65,LL65 4SB
LL65,LL65 4SD
LL65,LL65 4SE
LL65,LL65 4SF
LL65,LL65 4SG
LL65,LL65 4SH
LL65,LL65 4SL
LL65,LL65 4SN
LL65,LL65 4SP
LL65,LL65 4SR
LL65,LL65 4SS
LL65,LL65 4ST
LL65,LL65 4SU
LL65,LL65 4SW
LL65,LL65 4TA
LL65,LL65 4TB
LL65,LL65 4TD
LL65,LL65 4TE
LL65,LL65 4TF
LL65,LL65 4TG
LL65,LL65 4TH
LL65,LL65 4TL
LL65,LL65 4TN
LL65,LL65 4TP
LL65,LL65 4TR
LL65,LL65 4TS
LL65,LL65 4TW
LL65,LL65 4TY
LL65,LL65 4UA
LL65,LL65 4UE
LL65,LL65 4UF
LL65,LL65 4UG
LL65,LL65 4UH
LL65,LL65 4UL
LL65,LL65 4UN
LL65,LL65 4UP
LL65,LL65 4UR
LL65,LL65 4UT
LL65,LL65 4UU
LL65,LL65 4UW
LL65,LL65 4UY
LL65,LL65 4YA
LL65,LL65 4YB
LL65,LL65 4YD
LL65,LL65 4YE
LL65,LL65 4YF
LL65,LL65 4YG
LL65,LL65 4YH
LL65,LL65 4YL
LL65,LL65 4YN
LL65,LL65 4YP
LL65,LL65 4YR
LL65,LL65 4YW
LL65,LL65 4ZA
LL65,LL65 4ZP
LL65,LL65 4ZT
LL65,LL65 4ZU
LL65,LL65 9AF
LL65,LL65 9AG
LL65,LL65 9AL
LL65,LL65 9AQ
LL65,LL65 9AS
LL65,LL65 9AW
LL65,LL65 9AX
LL65,LL65 9AY
LL65,LL65 9AZ
LL65,LL65 9BA
LL66,
LL66,LL66 0AA
LL66,LL66 0AB
LL66,LL66 0AD
LL66,LL66 0AE
LL66,LL66 0AN
LL66,LL66 0AP
LL66,LL66 0AR
LL66,LL66 0AS
LL66,LL66 0AT
LL66,LL66 0AU
LL66,LL66 0AW
LL66,LL66 0AX
LL66,LL66 0AY
LL66,LL66 0BE
LL66,LL66 0BG
LL66,LL66 0BH
LL66,LL66 0BL
LL66,LL66 0BN
LL66,LL66 0BP
LL66,LL66 0BW
LL66,LL66 9AA
LL66,LL66 9AB
LL67,
LL67,LL67 0DA
LL67,LL67 0DE
LL67,LL67 0DH
LL67,LL67 0DN
LL67,LL67 0DP
LL67,LL67 0DR
LL67,LL67 0DS
LL67,LL67 0DT
LL67,LL67 0DU
LL67,LL67 0DW
LL67,LL67 0DY
LL67,LL67 0EA
LL67,LL67 0ED
LL67,LL67 0EP
LL67,LL67 0ER
LL67,LL67 0ES
LL67,LL67 0ET
LL67,LL67 0EU
LL67,LL67 0EW
LL67,LL67 0EY
LL67,LL67 0HA
LL67,LL67 0HB
LL67,LL67 0HD
LL67,LL67 0HE
LL67,LL67 0HF
LL67,LL67 0HG
LL67,LL67 0HH
LL67,LL67 0HJ
LL67,LL67 0HL
LL67,LL67 0HN
LL67,LL67 0HP
LL67,LL67 0HR
LL67,LL67 0HS
LL67,LL67 0HT
LL67,LL67 0HU
LL67,LL67 0HY
LL67,LL67 0LA
LL67,LL67 0LB
LL67,LL67 0LD
LL67,LL67 0LE
LL67,LL67 0LF
LL67,LL67 0LG
LL67,LL67 0LH
LL67,LL67 0LJ
LL67,LL67 0LL
LL67,LL67 0LN
LL67,LL67 0LP
LL67,LL67 0LS
LL67,LL67 0LT
LL67,LL67 0LW
LL67,LL67 0NA
LL67,LL67 0NB
LL67,LL67 0ND
LL67,LL67 0NF
LL67,LL67 0NG
LL67,LL67 0NH
LL67,LL67 0NL
LL67,LL67 0NN
LL67,LL67 0NP
LL67,LL67 0NW
LL68,
LL68,LL68 0NT
LL68,LL68 0NU
LL68,LL68 0NY
LL68,LL68 0PA
LL68,LL68 0PB
LL68,LL68 0PD
LL68,LL68 0PE
LL68,LL68 0PF
LL68,LL68 0PG
LL68,LL68 0PH
LL68,LL68 0PL
LL68,LL68 0PN
LL68,LL68 0PP
LL68,LL68 0PR
LL68,LL68 0PS
LL68,LL68 0PT
LL68,LL68 0PU
LL68,LL68 0PW
LL68,LL68 0PY
LL68,LL68 0RA
LL68,LL68 0RB
LL68,LL68 0RD
LL68,LL68 0RE
LL68,LL68 0RF
LL68,LL68 0RG
LL68,LL68 0RH
LL68,LL68 0RJ
LL68,LL68 0RL
LL68,LL68 0RR
LL68,LL68 0RS
LL68,LL68 0RT
LL68,LL68 0RU
LL68,LL68 0RY
LL68,LL68 0SA
LL68,LL68 0SB
LL68,LL68 0SD
LL68,LL68 0SE
LL68,LL68 0SF
LL68,LL68 0SG
LL68,LL68 0SH
LL68,LL68 0SJ
LL68,LL68 0SL
LL68,LL68 0SN
LL68,LL68 0SP
LL68,LL68 0SR
LL68,LL68 0SS
LL68,LL68 0SW
LL68,LL68 0TA
LL68,LL68 0TB
LL68,LL68 0TD
LL68,LL68 0TE
LL68,LL68 0TF
LL68,LL68 0TG
LL68,LL68 0TH
LL68,LL68 0TL
LL68,LL68 0TN
LL68,LL68 0TP
LL68,LL68 0TR
LL68,LL68 0TS
LL68,LL68 0TT
LL68,LL68 0TW
LL68,LL68 0UB
LL68,LL68 0UD
LL68,LL68 0UE
LL68,LL68 0UF
LL68,LL68 0UG
LL68,LL68 8AB
LL68,LL68 9AB
LL68,LL68 9AE
LL68,LL68 9AF
LL68,LL68 9AG
LL68,LL68 9AH
LL68,LL68 9AL
LL68,LL68 9AN
LL68,LL68 9AR
LL68,LL68 9AS
LL68,LL68 9AT
LL68,LL68 9AU
LL68,LL68 9AW
LL68,LL68 9AY
LL68,LL68 9BA
LL68,LL68 9BB
LL68,LL68 9BD
LL68,LL68 9BE
LL68,LL68 9BG
LL68,LL68 9BH
LL68,LL68 9BJ
LL68,LL68 9BL
LL68,LL68 9BP
LL68,LL68 9BQ
LL68,LL68 9BS
LL68,LL68 9BT
LL68,LL68 9BU
LL68,LL68 9BX
LL68,LL68 9DA
LL68,LL68 9DB
LL68,LL68 9DD
LL68,LL68 9DE
LL68,LL68 9DF
LL68,LL68 9DG
LL68,LL68 9DH
LL68,LL68 9DL
LL68,LL68 9DN
LL68,LL68 9DP
LL68,LL68 9DS
LL68,LL68 9DT
LL68,LL68 9DU
LL68,LL68 9DW
LL68,LL68 9DY
LL68,LL68 9EA
LL68,LL68 9EB
LL68,LL68 9ED
LL68,LL68 9EE
LL68,LL68 9EF
LL68,LL68 9EG
LL68,LL68 9EH
LL68,LL68 9EL
LL68,LL68 9EN
LL68,LL68 9EP
LL68,LL68 9ER
LL68,LL68 9ES
LL68,LL68 9ET
LL68,LL68 9EU
LL68,LL68 9EW
LL68,LL68 9EY
LL68,LL68 9HA
LL68,LL68 9HD
LL68,LL68 9HE
LL68,LL68 9HF
LL68,LL68 9HG
LL68,LL68 9HH
LL68,LL68 9HJ
LL68,LL68 9HL
LL68,LL68 9HN
LL68,LL68 9HP
LL68,LL68 9HS
LL68,LL68 9HT
LL68,LL68 9HU
LL68,LL68 9HW
LL68,LL68 9HY
LL68,LL68 9LD
LL68,LL68 9LE
LL68,LL68 9LF
LL68,LL68 9LH
LL68,LL68 9LL
LL68,LL68 9LN
LL68,LL68 9LP
LL68,LL68 9LR
LL68,LL68 9LS
LL68,LL68 9LT
LL68,LL68 9LU
LL68,LL68 9LW
LL68,LL68 9LY
LL68,LL68 9NA
LL68,LL68 9NB
LL68,LL68 9ND
LL68,LL68 9NE
LL68,LL68 9NG
LL68,LL68 9NH
LL68,LL68 9NL
LL68,LL68 9NN
LL68,LL68 9NT
LL68,LL68 9NU
LL68,LL68 9NX
LL68,LL68 9NY
LL68,LL68 9PA
LL68,LL68 9PB
LL68,LL68 9PD
LL68,LL68 9PE
LL68,LL68 9PF
LL68,LL68 9PG
LL68,LL68 9PH
LL68,LL68 9PL
LL68,LL68 9PP
LL68,LL68 9PR
LL68,LL68 9PS
LL68,LL68 9PT
LL68,LL68 9PU
LL68,LL68 9PW
LL68,LL68 9PY
LL68,LL68 9RA
LL68,LL68 9RB
LL68,LL68 9RD
LL68,LL68 9RE
LL68,LL68 9RF
LL68,LL68 9RG
LL68,LL68 9RH
LL68,LL68 9RL
LL68,LL68 9RN
LL68,LL68 9RP
LL68,LL68 9RR
LL68,LL68 9RS
LL68,LL68 9RT
LL68,LL68 9RU
LL68,LL68 9RW
LL68,LL68 9RX
LL68,LL68 9RY
LL68,LL68 9SA
LL68,LL68 9SB
LL68,LL68 9SD
LL68,LL68 9SE
LL68,LL68 9SF
LL68,LL68 9SG
LL68,LL68 9SH
LL68,LL68 9SN
LL68,LL68 9SP
LL68,LL68 9SR
LL68,LL68 9SS
LL68,LL68 9ST
LL68,LL68 9SU
LL68,LL68 9SW
LL68,LL68 9SY
LL68,LL68 9TA
LL68,LL68 9TB
LL68,LL68 9TE
LL68,LL68 9TF
LL68,LL68 9TG
LL68,LL68 9TH
LL68,LL68 9TL
LL68,LL68 9TN
LL68,LL68 9TP
LL68,LL68 9TR
LL68,LL68 9TS
LL68,LL68 9TT
LL68,LL68 9TU
LL68,LL68 9TY
LL68,LL68 9UA
LL68,LL68 9UB
LL68,LL68 9UD
