brand_name,website,facebook,instagram,twitter,linkedin
2020CV,http://2020cv.com,https://www.facebook.com/2020cv,,https://twitter.com/2020cv_inc,https://www.linkedin.com/company/2020cv
Yendo,https://www.yendo.com/,https://www.facebook.com/joinyendo/,https://www.instagram.com/joinyendo/?hl=en,https://twitter.com/joinyendo,https://www.linkedin.com/company/yendo1/
Cause Reports,https://www.causereports.com/,,,,https://www.linkedin.com/company/causereports
Savrpak,https://savrpak.com/,https://www.facebook.com/savrpak,https://www.instagram.com/savrpak/?hl=en,,https://www.linkedin.com/company/savrpak
3Data,https://3data.io/,https://www.facebook.com/3datacloud/,,https://twitter.com/3datacloud,https://www.linkedin.com/company/3data
Alethia.ai,https://alethea.ai/,,,https://twitter.com/real_alethea,
Allstar Gaming,https://allstar.gg/,https://www.facebook.com/playsharestar/,https://www.instagram.com/playsharestar/,https://twitter.com/playsharestar,https://www.linkedin.com/company/allstar-gaming/
Allure Systems,https://www.alluresystems.com/,,https://www.instagram.com/alluresystems_/,https://twitter.com/alluresystems?lang=en,https://www.linkedin.com/company/allure-systems
Almost Friday Media,http://www.almostfriday.com/,,https://www.instagram.com/friday.beers/,https://twitter.com/friday_beers,
Alyssa’s Bakery,https://alyssascookies.com/,https://www.facebook.com/alyssashealthycookie/,https://www.instagram.com/alyssascookies/,https://twitter.com/alyssascookies,
AngelHack Corporation,https://angelhack.com/,https://www.facebook.com/angelhackhq/,,https://www.twitter.com/angelhack,https://www.linkedin.com/company/angelhack/
Apptopia,https://apptopia.com/,,,,
Arbitrum,https://arbitrum.io/,,,https://twitter.com/arbitrum,https://www.linkedin.com/company/offchain-labs-inc
Artists Den Entertainment,https://artistsden.com/,https://www.facebook.com/artistsden/,https://www.instagram.com/artistsden/,https://twitter.com/theartistsden,
AXS TV,http://www.axs.tv/,http://www.facebook.com/axstv,http://www.instagram.com/axstv,http://www.twitter.com/axstv,
Bala,https://shopbala.com/,https://www.facebook.com/balabangles,https://www.instagram.com/bala/,,
Baozza,http://www.baozza.com/,https://www.facebook.com/baozza,https://www.instagram.com/baozza/,,https://www.linkedin.com/company/baozza/
Bequest Finance,https://www.bequest.finance/,,,https://twitter.com/bequestfinance,
Billshark,https://www.billshark.com/,https://www.facebook.com/realbillshark/,https://www.instagram.com/realbillshark/,https://twitter.com/realbillshark,https://www.linkedin.com/company/realbillshark/
Biolinq,,,,,
Biomeme,https://www.biomeme.com/,,,https://twitter.com/biomemeinc,https://www.linkedin.com/company/biomeme-inc/
BizToc,https://biztoc.com,https://www.facebook.com/biztoc,https://www.instagram.com/biztoc,https://twitter.com/biztoc,
Blocto,https://blocto.portto.com/,,,https://twitter.com/bloctoapp,https://www.linkedin.com/company/portto/
Bold Metrics,https://www.boldmetrics.com/,https://www.facebook.com/boldmetrics,,https://twitter.com/@boldmetrics,https://www.linkedin.com/company/boldmetrics
Brightwheel,https://mybrightwheel.com/,https://www.facebook.com/mybrightwheel/,https://www.instagram.com/mybrightwheel,https://twitter.com/brightwheel,https://www.linkedin.com/company/brightwheel/
Brondell,https://www.brondell.com/,https://www.facebook.com/brondell.inc/,https://www.instagram.com/brondell_inc/,https://twitter.com/brondell,https://www.linkedin.com/company/brondell/
BSB Brown Sugar Bourbon,https://brownsugarbourbon.com/,https://www.facebook.com/brownsugarbourbon,https://www.instagram.com/brownsugarbourbon/,https://twitter.com/brownsugarbbn,
Campus Ink,https://campus.ink,,https://www.instagram.com/campus.ink/,https://twitter.com/campus_ink,https://www.linkedin.com/company/campusink/
Catalant,https://gocatalant.com/,https://www.facebook.com/gocatalant/,,https://twitter.com/gocatalant,https://www.linkedin.com/company/catalant-technologies
Catapult,https://www.catapultsports.com/,https://www.facebook.com/catapultsports/,https://www.instagram.com/catapultsports/,https://twitter.com/catapultsports,https://www.linkedin.com/company/catapultsports
Cerebro Sports,,https://www.facebook.com/cerebrosports,https://instagram.com/cerebrosports,https://twitter.com/cerebrosports,https://www.linkedin.com/company/cerebro-sports/
ChangEd,https://www.gochanged.com/,https://www.facebook.com/changedapp,https://www.instagram.com/changedapp/,http://twitter.com/changedapps,https://www.linkedin.com/company/changedapp/
Chapul,https://www.chapul.com/,https://www.facebook.com/chapulrevolution/,https://www.instagram.com/chapulrevolution/,https://twitter.com/chapul,
Chirps Chips,https://eatchirps.com/,https://www.facebook.com/eatchirps/,https://instagram.com/eatchirps/,https://twitter.com/eatchirps,
CivicScience,https://civicscience.com/,https://www.facebook.com/civicscience,,https://twitter.com/civicscience,https://www.linkedin.com/company/civicscience
Clipbook,http://clipbook.io/,,,https://x.com/clipbookio,https://www.linkedin.com/company/clipbook-io/
collegedebt.com,http://www.collegedebt.com,,,,
Combat Flip Flops,https://www.combatflipflops.com/,https://www.facebook.com/combatflipflops,https://www.instagram.com/combatflipflops/,https://twitter.com/combatflipflops,
CommitChange,https://commitchange.com/,https://www.facebook.com/commitchange,,https://twitter.com/commitchange,https://www.linkedin.com/company/commitchange/
Converus,https://converus.com/,https://www.facebook.com/converusinc/,https://www.instagram.com/converus.inc/,https://twitter.com/converusinc,https://www.linkedin.com/company/converus
CryptoSlam,https://www.cryptoslam.io/,,,https://twitter.com/cryptoslamio,
Cultivate,https://www.wecultivate.us/,,https://www.instagram.com/wecultivateus/,https://twitter.com/wecultivateus,
Cup Board Pro,https://firehousechefky.com/,https://www.facebook.com/firehousechefky/,https://www.instagram.com/firehousechefky/,https://twitter.com/firehousechefky,
Dallas Mavericks,https://www.mavs.com/,https://www.facebook.com/dallasmavs/,https://www.instagram.com/dallasmavs/?hl=en,https://twitter.com/dallasmavs,
Dave,http://www.Dave.com,https://www.facebook.com/thedaveapp/,https://www.instagram.com/thedaveapp/,https://twitter.com/davesavesyou,
dClimate,https://www.dclimate.net/,,,https://twitter.com/dclimatenet,https://www.linkedin.com/company/75871049/admin/
DeFi Alliance,https://www.defialliance.co/,,,https://twitter.com/defialliance,https://www.linkedin.com/company/defi-alliance/
Defined.fi,http://defined.fi/,,,https://twitter.com/definedfi,
Degreed,https://degreed.com/,https://www.facebook.com/degreedofficial,https://www.instagram.com/degreed/,https://twitter.com/degreed,https://www.linkedin.com/company/degreed
Digest.ai,http://digest.ai/,,https://www.instagram.com/digest.ai/,,
DIRT,https://wearedirt.com/,,,,https://www.linkedin.com/company/wearedirt
Divorced Girl Smiling,https://www.divorcedgirlsmiling.com/,https://www.facebook.com/divorcedgirlsmiling/,https://www.instagram.com/divorced_girl_smiling/,https://twitter.com/divorcedgirljp,https://www.linkedin.com/in/jackie-pilossoph-0851814/
Dizzy & Vertigo Institute of Los Angeles,,https://www.facebook.com/dizzyandvertigo/,https://www.instagram.com/dizzyandvertigo/,,https://www.linkedin.com/company/dizzyandvertigo
Dude Products,https://www.dudeproducts.com/,https://www.facebook.com/dudeproducts,https://www.instagram.com/dudewipes,https://twitter.com/dudewipes,
Dust,https://usedust.com/,https://www.facebook.com/dustappofficial/,https://www.instagram.com/dustapp/,https://twitter.com/dustappofficial,
Earth Brands,,https://www.facebook.com/earthcups/,https://www.instagram.com/earthcups/,https://mobile.twitter.com/earthbrandsco,https://www.linkedin.com/company/earthbrands
Echo Valley Meats,https://www.echovalleymeats.com/,https://www.facebook.com/evmeats/,,https://twitter.com/echovalleymeats,
Eon Health,https://www.eonhealth.com,https://www.facebook.com/eonhealth/,,https://twitter.com/eonhealth,https://www.linkedin.com/company/eonhealth
ERISA Recovery,https://erisarecovery.com/,https://www.facebook.com/erisarecovery,,,https://www.linkedin.com/company/erisarecovery/about/
Esprezzo,https://esprezzo.io,,,https://twitter.com/esprezzoapp,https://www.linkedin.com/company/esprezzo-app/
EthPass,https://ethpass.xyz/,,,https://twitter.com/ethpass,
Fabric8Labs,http://Fabric8Labs.com,,,,https://www.linkedin.com/company/fabric8labs/about/
Fabrica,https://www.fabrica.land/,,,http://twitter.com/fabricaland,
Famous Finder,https://www.famousfinder.co/,,,,
Fat Shack,https://www.fatshack.com/,https://www.facebook.com/fatshackfortcollins,https://www.instagram.com/fatshack/,https://twitter.com/fat_shack,
Finalyze Capital,http://finalyze.io/,,,,
Fireside,https://firesidechat.com/,,https://www.instagram.com/fireside/,https://twitter.com/firesidechatapp,https://www.linkedin.com/company/fireside
FiscalNote,https://fiscalnote.com/,https://www.facebook.com/fiscalnote,https://www.instagram.com/fiscalnote/,https://twitter.com/fiscalnote,https://www.linkedin.com/company/fiscalnote/
Foam Party Hats,,https://facebook.com/foampartyhats,https://www.instagram.com/foampartyhats,,
Foodguides,https://foodguides.com/,https://www.facebook.com/foodguideshelp,https://www.instagram.com/foodguideshelp/,https://twitter.com/foodguideshelp,https://www.linkedin.com/company/79880073
FORT Robotics,https://www.fortrobotics.com,,,,https://www.linkedin.com/company/fort-robotics/
Gameday Couture,https://www.shopthesoho.com,https://www.facebook.com/gamedaycouture,https://www.instagram.com/gamedaycouture/,,
Gecko Robotics,https://www.geckorobotics.com/,https://www.facebook.com/geckorobotics,,https://twitter.com/geckorobotics,https://www.linkedin.com/company/gecko-robotics-llc/
Genetesis,https://genetesis.com/,https://www.facebook.com/genetesis/,,https://twitter.com/genetesisinc,https://www.linkedin.com/company/genetesis/?viewasmember=true
Global Teaching Project,https://www.globalteachingproject.com/,https://www.facebook.com/globalteachingproject/,https://www.instagram.com/global_teaching_project/,https://twitter.com/mattdolangtp,https://www.linkedin.com/company/globalteachingproject/
Glove Wrap,https://glovewrap.com,https://www.facebook.com/glovewrap?mibextid=wwxifr,https://www.instagram.com/glovewrap/profilecard/?igsh=ntc4mtiwnjq2yq==,,
Greek Basketball Association,https://www.greekbasketballassociation.com,,https://www.instagram.com/gba.national/,,
Guardian Bikes,,,https://www.instagram.com/guardianbikes/,,https://www.linkedin.com/company/guardianbikes/a vertically integrated business built to deliver safer bikes with an incredible customer experience at scale.
Guardian Mobile Firewall,https://guardianapp.com/,,,https://twitter.com/guardianiosapp,
Hala Systems,https://halasystems.com/,https://www.facebook.com/halasystems/,,https://twitter.com/halasystems,https://www.linkedin.com/company/hala-systems/
HiccAway,https://hiccaway.com/,https://facebook.com/hiccaway,https://instagram.com/hiccaway,https://twitter.com/hiccaway,
Hirebotics,https://www.hirebotics.com,,https://www.instagram.com/hirebotics/,https://twitter.com/hirebotics,
HomeCourt,https://www.homecourt.ai/about,https://www.facebook.com/homecourtai/,,https://twitter.com/homecourtai,https://www.linkedin.com/company/nex-team/
Hugo’s Amazing Tape,https://www.amazingtape.com/,https://www.facebook.com/myamazingtape/,https://www.instagram.com/hugostape/,https://twitter.com/hugostape,
HYPERVSN,https://hypervsn.com/,https://www.facebook.com/hypervsn.uk/,https://www.instagram.com/hypervsn_uk/,https://twitter.com/hypervsn,https://www.linkedin.com/company/2656626/
Ice Shaker,https://www.iceshaker.com/,https://facebook.com/iceshakerbottle,,https://twitter.com/iceshakerbottle,
IceBeanie,https://icebeanie.com/,http://facebook.com/icebeanie,http://instagram.com/icebeanie,http://twitter.com/tryicebeanie,
IFTTT,https://ifttt.com/,https://www.facebook.com/ifttt/,,https://twitter.com/ifttt,https://www.linkedin.com/company/ifttt/
Illuno,http://www.illuno.com/,https://www.facebook.com/illuno.official,https://www.instagram.com/illuno.official/,,https://www.linkedin.com/company/illuno/
MeshTek Labs,https://meshtek.com/,https://www.facebook.com/meshteklabs/,,https://twitter.com/meshteklabs,https://www.linkedin.com/company/ilumi/
Immi,,,https://www.instagram.com/immi.io/,https://twitter.com/immi_io,
Injective Protocol,https://injectiveprotocol.com/,,https://www.instagram.com/injectivelabs/,https://twitter.com/injectivelabs,https://www.linkedin.com/company/injective-protocol/
"Ink, Inc.",https://www.ink.id/,,https://www.instagram.com/inkdifferent_/,https://twitter.com/inkdifferent,https://www.linkedin.com/company/inkofficial
Inside.com,https://inside.com/,https://facebook.com/inside,,https://twitter.com/inside,
Interlock Studios,https://interlockstudios.com,,,,https://www.linkedin.com/company/interlock-studios/
Joy Milk Tea,,,https://www.instagram.com/joymilktea,https://twitter.com/joymilktea,
Klima,https://klimadao.finance/,,,http://twitter.com/klimadao,
Labdoor,https://labdoor.com,https://facebook.com/labdoor,https://instagram.com/labdoor,https://twitter.com/labdoor,https://www.linkedin.com/company/labdoor/
Lazy,https://lazy.com/,,https://www.instagram.com/lazynfts/,https://twitter.com/lazynfts,
Lightyear,https://www.lightyear.ai/,,,https://twitter.com/lightyearai,https://www.linkedin.com/company/lightyearai/
Loliware,https://www.loliware.com/,https://www.facebook.com/loliware-1613039715645348/,https://www.instagram.com/loliware/?hl=en,https://twitter.com/loliware?lang=en,https://www.linkedin.com/company/loliware/
Lucky Ducks,https://luckytrader.com/,,,https://twitter.com/luckytraderhq,
LuminAID,https://luminaid.com/,https://www.facebook.com/luminaid,https://www.instagram.com/luminaid/,https://twitter.com/luminaidlab,https://www.linkedin.com/company/luminaid-lab/
Mad Rabbit,https://www.madrabbit.com/,https://www.facebook.com/shopmadrabbit/,https://www.instagram.com/madrabbit/,https://twitter.com/madrabbittattoo,https://www.linkedin.com/company/mad-rabbit-tattoo/
Magnolia Pictures,https://www.magnoliapictures.com/,https://www.facebook.com/alamova/,https://www.instagram.com/drafthouse/,https://twitter.com/alamowinchester,
Mahmee,https://www.mahmee.com/,https://www.facebook.com/getmahmee,,https://twitter.com/getmahmee,https://www.linkedin.com/company/mahmee
Mark Cuban Cost Plus Drug Company,https://costplusdrugs.com/,https://www.facebook.com/costplusdrugs/,,https://twitter.com/costplusdrugs,https://www.linkedin.com/company/costplusdrugs
Mark Cuban Foundation,http://markcubanai.org/,,,,
Mavs Foundation,https://www.mavs.com/community/dallas-mavericks-foundation/,,https://www.instagram.com/mavsfoundation/,https://twitter.com/mavsfoundation,
REDEF,https://redef.com/,https://www.facebook.com/mediaredef/,,https://twitter.com/mediaredef,
Melni Technologies,https://melnitechnologies.com/,,https://www.instagram.com/melnitechnologies/,https://twitter.com/melnitech,http://www.linkedin.com/pub/mark-melni/1a/16a/aaa
MobileODT,https://www.mobileodt.com/,https://www.facebook.com/mobileodt/,,https://twitter.com/mobileodt,https://www.linkedin.com/company/2817437/
Momentum,https://givemomentum.com/,,,,https://www.linkedin.com/company/givemomentum/
Moolah Kicks,https://moolahkicks.com/,,https://www.instagram.com/moolahkicks/?hl=en,,https://www.linkedin.com/company/72509879/admin/
Moov Technologies,https://www.moov.co/,https://www.facebook.com/moovtechnologies/,,https://twitter.com/moovco,
Motion Sports,https://www.motionsports.io/,,https://www.instagram.com/motionsportsinc/?hl=en,https://x.com/motionsportsinc,https://www.linkedin.com/company/104452786/admin/dashboard/
MUSH,https://eatmush.com,https://www.facebook.com/mushfoods/,https://www.instagram.com/mush/,,https://www.linkedin.com/company/mush-foods/
Mustard,http://www.teammstrd.com/,https://www.facebook.com/teammstrd1,https://www.instagram.com/teammstrd/,https://x.com/teammstrd,https://www.linkedin.com/company/teammstrd/mycompany/
Neutral Foods,http://www.eatneutral.com/,,https://www.instagram.com/eatneutral/,,https://www.linkedin.com/company/eatneutral/
Nimble,https://www.nimble.com/,https://www.facebook.com/nimble,https://instagram.com/nimblegram,https://www.twitter.com/nimble,https://www.linkedin.com/company/nimblecrm/
NOSHI,,,https://www.instagram.com/noshiforkids/,,
Numilk,https://www.numilk.com/,https://www.facebook.com/numilkfresh,https://www.instagram.com/numilk/,,
Nuts ‘N More,https://nuts-n-more.com/,https://www.facebook.com/nutsnmore/,https://www.instagram.com/nutsnmore/,https://twitter.com/nutsnmoreusa,https://www.linkedin.com/company/nuts-n-more/
Offbeat Media Group,https://offbeat.xyz,https://www.facebook.com/offbeat.xyz,https://www.instagram.com/offbeat.xyz,https://twitter.com/offbeatxyz,https://www.linkedin.com/company/offbeatmediagroup/
Oorbit,,,,https://www.twitter.com/oorbitonline,https://www.linkedin.com/company/oorbit
Open Garden,https://opengarden.com/,,,https://twitter.com/opengarden,https://www.linkedin.com/company/open-garden-inc-/
OpenSea,https://opensea.io/,,http://instagram.com/opensea,http://twitter.com/opensea,
Osaro,https://www.osaro.com/,https://www.facebook.com/osaroai/,,https://twitter.com/osaroai,https://www.linkedin.com/company/osaroinc/
Otolith Labs,https://otolithlabs.com/,https://www.facebook.com/otolithlabs,,,https://www.linkedin.com/company/otolith-labs/
Overplay,https://overplay.com/,https://www.facebook.com/overplaygamers/,https://www.instagram.com/overplay.games/,https://twitter.com/overplaygamer,https://www.linkedin.com/company/overplaygames/
P-Nuff,https://www.pnuff.com/,https://www.facebook.com/pnuffcrunch/,https://www.instagram.com/pnuffcrunch/,,
Packback,https://www.packback.co/,https://www.facebook.com/packbackco,https://www.instagram.com/packbackco/,https://twitter.com/packbackco,https://www.linkedin.com/company/packback
PadSplit,http://padsplit.com/,https://www.facebook.com/padsplit,https://www.instagram.com/padsplit/,https://x.com/padsplit,https://www.linkedin.com/company/padsplit/
Paladin,https://www.joinpaladin.com/,https://www.facebook.com/paladin-1668298390082848/,,https://twitter.com/joinpaladin,
Pan’s Mushroom Jerky,https://www.mushroomjerky.com/,https://www.facebook.com/mushroomjerky,https://www.instagram.com/mushroomjerky/,https://twitter.com/mushroomjerky,
Pascal Tags,https://pascaltags.com/,,,https://twitter.com/pascaltags,https://www.linkedin.com/company/pascaltags
Phaidra,https://www.phaidra.ai/,,,https://twitter.com/phaidraai,https://www.linkedin.com/company/phaidra-ai
Philo,https://try.philo.com/,https://www.facebook.com/philotv/,,https://twitter.com/philo,https://www.linkedin.com/company/philo/
Pick-up Pools,https://pickuppools.com/,https://www.facebook.com/pick-up-pools-278445645679703/,https://www.instagram.com/pickuppools/,https://twitter.com/pickuppools,
Polygon,https://polygon.technology/,,,https://twitter.com/0xpolygon,
Prep Expert,https://prepexpert.com/,https://www.facebook.com/prepexpert/,https://www.instagram.com/prep_expert/,https://twitter.com/prep_expert,https://www.linkedin.com/company/prep-expert/
Pricestack,https://pricestack.com/,,,https://twitter.com/pricestack,https://www.linkedin.com/company/pricestack/
QBall,https://www.buyqball.com/,https://www.facebook.com/peeq.us/,https://www.instagram.com/gopeeq/,https://twitter.com/gopeeq,
R. Riveter,https://www.rriveter.com/,https://www.facebook.com/rriveterbags/,https://www.instagram.com/rriveterbags/,https://twitter.com/rriveterbags/,
Ready Set Food,https://readysetfood.com/,https://www.facebook.com/readysetfood/,https://www.instagram.com/_readysetfood/,https://twitter.com/_readysetfood,https://www.linkedin.com/company/ready-set-food/
Regent Craft,https://www.regentcraft.com/,https://www.facebook.com/regentcraft,https://www.instagram.com/regentcraft/,https://twitter.com/regentcraft,https://www.linkedin.com/company/regentcraft/
Relativity Space,https://www.relativityspace.com/,https://www.facebook.com/relativityspace/,https://www.instagram.com/relativityspace/,https://twitter.com/relativityspace,https://www.linkedin.com/company/relativity
Remento,http://www.remento.co/,https://www.facebook.com/getremento,https://www.instagram.com/getremento/,,https://www.linkedin.com/company/remento
Retold Recycling,,https://www.facebook.com/retoldrecycling/,https://www.instagram.com/retoldrecycling/,,
Richualist,https://richualist.com/,https://www.facebook.com/richualist/,https://www.instagram.com/getrichualist/,,
Rock The Bells,https://www.rockthebells.com/,https://www.facebook.com/rockthebellsfestival/,https://www.instagram.com/rockthebells/,https://twitter.com/rockthebells,
Samaya AI,https://samaya.ai/,,,,
Samba TV,https://samba.tv/,https://www.facebook.com/sambatelevision/,https://www.instagram.com/samba_tv,https://twitter.com/samba_tv,https://www.linkedin.com/company/free-stream-media-corp-/
Scoutible,https://www.scoutible.com/,https://www.facebook.com/scoutible/,,https://twitter.com/scoutible,https://www.linkedin.com/company/scoutible/
Selery Fulfillment,https://www.seleryfulfillment.com/,https://www.facebook.com/seleryit,https://www.instagram.com/seleryfulfillment/,https://twitter.com/seleryit,https://www.linkedin.com/company/selery-fulfillment/
Settle,https://settle.com,,,,
ShiftSmart,https://shiftsmart.com/,https://www.facebook.com/getshiftsmart/,,https://twitter.com/getshiftsmart,https://www.linkedin.com/company/shiftsmart-inc-/
Shower Toga,https://showertoga.com/,https://www.facebook.com/showertoga/,https://www.instagram.com/shower_toga/,https://twitter.com/showertoga,
Simple Sugars,https://www.simplesugarsskincare.com/,https://www.facebook.com/simplesugars/,https://www.instagram.com/simplesugars/,https://twitter.com/simplesugars,
Skylight Social,https://skylight.social/,,,,
Snacklins,https://www.snacklins.com/,http://www.facebook.com/eatsnacklins,https://instagram.com/eatsnacklins,http://www.twitter.com/eatsnacklins,
Sonara,http://www.sonarahealth.com/,,,,
Sparkcharge,https://www.sparkcharge.io/,https://www.facebook.com/sparkchargecorp,https://www.instagram.com/sparkcharge.io,https://twitter.com/sparkcharge,https://www.linkedin.com/company/sparkcharge/
Spontivly,https://spontivly.com/,https://www.facebook.com/spontivlydata,https://www.instagram.com/spontivlydata/,https://twitter.com/spontivlydata,https://www.linkedin.com/company/spontivly/
Sportlogiq,https://sportlogiq.com/,https://www.facebook.com/sportlogiq/,https://www.instagram.com/sportlogiq/,https://twitter.com/sportlogiq/,https://www.linkedin.com/company/sportlogiq/
Sportradar,http://www.sportradar.com/,https://www.facebook.com/sportradarofficial/,https://www.instagram.com/sportradarofficial,https://twitter.com/sportradar,https://www.linkedin.com/company/sportradar/
Sriracha2Go,https://sriracha2go.com/,https://facebook.com/sriracha2go,https://www.instagram.com/sriracha2go/?hl=en,https://twitter.com/sriracha2go,https://www.linkedin.com/company/sriracha2go
Stage TEN,http://www.stageten.tv,https://www.facebook.com/profile.php?id=61560825655720,https://www.instagram.com/stageten.tv/,https://x.com/stagetentv,
StatSocial,https://www.statsocial.com/,https://www.facebook.com/statsocial/,,https://twitter.com/statsocial,https://www.linkedin.com/company/statsocial/
Storage Scholars,https://www.storagescholars.com/,https://www.facebook.com/storagescholars,https://www.instagram.com/storagescholars/,,https://www.linkedin.com/company/storage-scholars
Strateos,https://www.strateos.com/,,,https://twitter.com/strateoslab,https://www.linkedin.com/company/strateos1/
Strella Biotechnology,https://www.strellabiotech.com/,,,,https://www.linkedin.com/company/strellabiotechnology/
SubSafe,https://thesubsafe.com/,https://www.facebook.com/thesubsafe/,https://www.instagram.com/thesubsafe/,,https://www.linkedin.com/company/subsafe/
SuperRare,https://superrare.co/,,https://www.instagram.com/superrare.co/,https://twitter.com/superrare,
Sweet Tooth Hotel,https://sweettoothhotel.com/,https://www.facebook.com/sweettoothhotel/,https://www.instagram.com/sweettoothhotel/,https://twitter.com/sweettoothhotel,
Synaptrix Labs,https://www.synaptrix-labs.com/,,,https://x.com/synaptrixai,https://www.linkedin.com/company/synaptrix-labs
Synthesia,https://www.synthesia.io/,,https://www.instagram.com/synthesiaio/,https://twitter.com/synthesiaio,https://www.linkedin.com/company/11190643/
Texas Legends,https://texas.gleague.nba.com/,http://www.facebook.com/texlegends,http://www.instagram.com/texaslegends,http://www.twitter.com/texaslegends,
The Holiball,https://theholiball.com/,https://www.facebook.com/theholiball/,https://www.instagram.com/theholiball/?hl=en,,
The Lapel Project,https://www.thelapelproject.com/,https://www.facebook.com/thelapelproject/,https://www.instagram.com/thelapelproject/,https://twitter.com/thelapelproject,
The Living Christmas Company,https://www.livingchristmas.com/,https://www.facebook.com/livingchristmas/,,,https://www.linkedin.com/company/the-living-christmas-company/
The Longhairs,https://thelonghairs.us/,https://www.facebook.com/yolonghairs/,https://instagram.com/thelonghairs,,
The Zebra,https://www.thezebra.com/,https://www.facebook.com/thezebraco,https://www.instagram.com/thezebraco,https://www.twitter.com/thezebraco,https://www.linkedin.com/company/the-zebra
THEMAGIC5,https://themagic5.com,https://www.facebook.com/themagic5com/,https://www.instagram.com/themagic5/,https://twitter.com/themagic5swim,https://www.linkedin.com/company/themagic5
ThirdWeb,http://thirdweb.com,,https://www.instagram.com/thirdweb/,https://twitter.com/thirdweb_,https://www.linkedin.com/company/third-web/
Three Commas,https://threecommas.com/,https://www.facebook.com/threecommasapparel/,https://www.instagram.com/threecommas/,https://twitter.com/three_commas,
Toggle Robotics,https://www.toggle.is/,,,,https://www.linkedin.com/company/toggle-industries/
tokenproof,,,,https://twitter.com/tokenproof,
TokenScript,https://www.tokenscript.org/,,,https://twitter.com/tokenscript,https://www.linkedin.com/company/alchemynft/mycompany/?viewasmember=true
Tower Paddle Boards,https://www.towerpaddleboards.com,https://www.facebook.com/towersup/,https://www.instagram.com/towerpaddleboard/,https://twitter.com/towerpb,https://www.linkedin.com/company/tower-paddle-boards
TransCrypts,http://www.transcrypts.com,,https://www.instagram.com/transcrypts_/,https://mobile.twitter.com/transcrypts_,https://www.linkedin.com/company/transcrypts
TrophySmack,https://TrophySmack.com,http://facebook.com/trophysmack,https://www.instagram.com/trophysmack/,http://twitter.com/trophysmack,
Truffle Shuffle,https://www.truffleshufflesf.com/,https://www.facebook.com/truffleshufflesf/,https://www.instagram.com/truffleshuffle_sf/,https://twitter.com/honesttruffle,
Twist It Up,https://www.twistitupcomb.com/,https://www.facebook.com/twistitupcomb,https://www.instagram.com/twistitup/,,
Underdog Sports,https://underdogfantasy.com/,,,https://twitter.com/underdogfantasy?lang=en,
Unite Genomics,https://www.unitegenomics.com/,https://www.facebook.com/unitegenomics/,https://www.instagram.com/unitegenomics/,https://twitter.com/unitegenomics,https://www.linkedin.com/company/unite-genomics-inc/
Mrs. Goldfarb’s Unreal Deli,https://www.unrealdeli.com/,https://www.facebook.com/unrealdeli/,https://www.instagram.com/unrealdeli/,,
Upstart,https://www.upstart.com/,https://www.facebook.com/teamupstart/,https://www.instagram.com/upstart/,https://twitter.com/upstart,https://www.linkedin.com/company/upstart-network/
Validic,https://validic.com/,,,https://twitter.com/validic,https://www.linkedin.com/company/validic
VibeRide,https://viberide.com/,https://www.facebook.com/viberide.co,https://www.instagram.com/viberide.co/,,https://www.linkedin.com/company/viberide/
vidIQ,https://vidiq.com/,https://www.facebook.com/vidiqapp/,,https://twitter.com/vidiq,https://www.linkedin.com/company/vidiq/
Virtuix Omni,https://www.virtuix.com/,https://www.facebook.com/virtuixomni,,https://twitter.com/virtuixomni,
Percepto,https://percepto.co/,https://www.facebook.com/perceptodrones/,,https://twitter.com/perceptodrones,https://www.linkedin.com/company/perceptoautonomousdrones/
VNTANA,https://www.vntana.com/,https://www.facebook.com/vntanalive,https://www.instagram.com/vntanalive/,https://twitter.com/vntanalive,https://www.linkedin.com/company/vntana/
WONDRY Wine Co.,https://wondrywine.com/,https://www.facebook.com/wondrywine/,https://www.instagram.com/wondrywine/,,
WriteyBoard,https://writeyboards.com/,https://www.facebook.com/getwritey,https://www.instagram.com/writey_/,https://twitter.com/writey_,https://www.linkedin.com/company/whiteyboard/
Zapper.Fi,https://zapper.fi/,,,https://twitter.com/zapper_fi,https://www.linkedin.com/company/zapperfi/
ZenLedger,https://www.zenledger.io/,https://www.facebook.com/zenledger,,https://twitter.com/zenledgerio,https://www.linkedin.com/company/zenledger-io/
ZergNet,https://www.zergnet.com/,https://www.facebook.com/zergnetofficial/,,https://twitter.com/zergnetofficial,https://www.linkedin.com/company/zergnet/
Zoobean,https://www.zoobean.com/,https://www.facebook.com/zoobean/,https://www.instagram.com/zoobean/,https://twitter.com/zoobeanreads,https://www.linkedin.com/company/zoobean
