title,address,agent_name,agent_email
"309/1 Gauthorpe Street, Rhodes, NSW 2138",,,
"106 Woodriff Street, Penrith, NSW 2750",,,
"37 Penfold Crescent, Rochedale, Qld 4123",,,
"117-119 Ferrier Road, Narangba, Qld 4504",,,
"4 Gibson Street, Penola, SA 5277",,,
"170 Kenmore Road, Fig Tree Pocket, Qld 4069",,,
"4/10 Mulligan Street, Manoora, Qld 4870",,,
"5 Shearman Road, Deanside, Vic 3336",,,
"38 Elizabeth Street, Campbells Creek, Vic 3451",,,
"16 Lloyd Street, Narrabri, NSW 2390",,,
"12A Merton Street, Box Hill, Vic 3128",,,
"40 Cervantes Avenue, Baldivis, WA 6171",,,
"15A Simeon Rise, Pearsall, WA 6065",,,
"58 Tarcombe Street, Euroa, Vic 3666",,,
"805/499 Saint Kilda Road, Melbourne, Vic 3000",,,
"6/12 Park Crescent, Boronia, Vic 3155",,,
"301/11 Lewis Avenue, Rhodes, NSW 2138",,,
"25 Carpenteria Cres, Kenwick, WA 6107",,,
"11B Lakewood Drive, Woodcroft, NSW 2767",,,
"15 Veronica Court, Noble Park, Vic 3174",,,
"3 Hack Street, Aldinga Beach, SA 5173",,,
"Address available on request, Warnervale, NSW 2259",,,
"2 Giles Court, Frankston South, Vic 3199",,,
"5 St Georges Terrace, Bellevue Heights, SA 5050",,,
"115 East Parkway, Lightsview, SA 5085",,,
"170 Kenmore Road, Fig Tree Pocket, Qld 4069",,,
"3 Shale Court, Piara Waters, WA 6112",,,
"11 The Grove, Willunga, SA 5172",,,
"16 Bayvista Parade, Drysdale, Vic 3222",,,
"45 Brallos Street, Bardia, NSW 2565",,,
"83 Eildon Road, Windsor, Qld 4030",,,
"110/1 Meryll Avenue, Baulkham Hills, NSW 2153",,,
"38 City View Terrace, Nambour, Qld 4560",,,
"4 Thomas Street, Scamander, Tas 7215",,,
"8/69-71 Elouera Road, Cronulla, NSW 2230",,,
"34 Collins Road, Farnborough, Qld 4703",,,
"75-77 Broughton St, Moss Vale, NSW 2577",,,
"35 Smith Street, Merewether, NSW 2291",,,
"2/4 Omega Street, Merrijig, Vic 3723",,,
"1-3/120 Auckland Street, Gladstone Central, Qld 4680",,,
"805/499 Saint Kilda Road, Melbourne, Vic 3000",,,
"301/11 Lewis Avenue, Rhodes, NSW 2138",,,
"11B Lakewood Drive, Woodcroft, NSW 2767",,,
"3/265 Canterbury Road, Heathmont, Vic 3135",,,
"17 Flax Mill Close, Drouin, Vic 3818",,,
"3 Hack Street, Aldinga Beach, SA 5173",,,
"Address available on request, Warnervale, NSW 2259",,,
"54 Hamilton Road, Aldinga Beach, SA 5173",,,
"23 Hindman Street, Katoomba, NSW 2780",,,
"5 St Georges Terrace, Bellevue Heights, SA 5050",,,
"16 Bittenbinder Avenue, Logan Reserve, Qld 4133",,,
"85 Signature Boulevard, Sanctuary Lakes, Vic 3030",,,
"15/321 Harborne Street, Glendalough, WA 6016",,,
"13A Thistle Avenue, Klemzig, SA 5087",,,
"1/19 Gerard Street, East Victoria Park, WA 6101",,,
"82 Parkfield Drive, Youngtown, Tas 7249",,,
"83 Eildon Road, Windsor, Qld 4030",,,
"110/1 Meryll Avenue, Baulkham Hills, NSW 2153",,,
"38 City View Terrace, Nambour, Qld 4560",,,
"34 Collins Road, Farnborough, Qld 4703",,,
"101 Gregory Street, Wulkuraka, Qld 4305",,,
"123 Dundatha Drive, Byford, WA 6122",,,
"35 Smith Street, Merewether, NSW 2291",,,
"9 Seashore Avenue, Sellicks Beach, SA 5174",,,
"45 Fifth Avenue, Ascot Park, SA 5043",,,
"27/43 Kurrajong Drive, East Side, NT 0870",,,
"50 Lethem Street, Hendra, Qld 4011",,,
"7 Windamarra Street, Newman, WA 6753",,,
"3/265 Canterbury Road, Heathmont, Vic 3135",,,
"11 Evans Street, Collie, WA 6225",,,
"23 Bluepoint Way, Aldinga Beach, SA 5173",,,
"12 Vance Street, Bardia, NSW 2565",,,
"18 Yolanta Court, Seabrook, Vic 3028",,,
"27 Seawest Street, Yarrabilba, Qld 4207",,,
"15 Knight Street, Withers, WA 6230",,,
